{"Results":{"GeneralInfo":{"Name":null,"RunStartTime":"2018-11-09 14:40:50","Timezone":"GMT Standard Time","OrchestrationToolName":"JUnit","OrchestrationToolVersion":null,"ReportTitle":"LeanFT Report"},"ReportNode":{"@type":"Run","Data":{"Name":"Run Results","Description":{"#cdata-section":" "},"StartTime":"2018-11-09 14:40:50","Result":"Failed","Links":null,"Duration":"3","Extension":{"Any":{"IconKey":"Run","IsHtmlErrorText":"true"}},"Environment":{"OSInfo":{"#cdata-section":"Microsoft Windows NT 6.1.7601 Service Pack 1"},"HostName":{"#cdata-section":"WS-099963"},"NumberOfCores":"4","CpuInfo":null,"TotalMemory":"3920","Locale":{"#cdata-section":"en-GB"},"Timezone":"GMT Standard Time","User":"INBSUG1"},"TestedApplication":null,"ToolName":"LeanFT","ToolVersion":{"#cdata-section":"12.54"}},"ReportNode":[{"@type":"CustomStep","Data":{"Name":"Data error","Description":{"#cdata-section":"Data could not be found. This data source is valid only when running from ALM."},"StartTime":"2018-11-09 14:40:52","Result":"Failed","Links":null,"Duration":"0","Extension":{"Any":{"IconKey":"CustomStep","IsHtmlErrorText":"true"}}}}]}}}