<Results>
    <GeneralInfo>
        <Name/>
        <RunStartTime>2018-11-09 14:40:50</RunStartTime>
        <Timezone>GMT Standard Time</Timezone>
        <OrchestrationToolName>JUnit</OrchestrationToolName>
        <OrchestrationToolVersion/>
        <ReportTitle>LeanFT Report</ReportTitle>
    </GeneralInfo>
    <ReportNode type="Run">
        <Data>
            <Name>Run Results</Name>
            <Description><![CDATA[ ]]></Description>
            <StartTime>2018-11-09 14:40:50</StartTime>
            <Result>Failed</Result>
            <Links/>
            <Duration>3</Duration>
            <Extension>
                <Any>
                    <IconKey>Run</IconKey>
                    <IsHtmlErrorText>true</IsHtmlErrorText>
                </Any>
            </Extension>
            <Environment>
                <OSInfo><![CDATA[Microsoft Windows NT 6.1.7601 Service Pack 1]]></OSInfo>
                <HostName><![CDATA[WS-099963]]></HostName>
                <NumberOfCores>4</NumberOfCores>
                <CpuInfo/>
                <TotalMemory>3920</TotalMemory>
                <Locale><![CDATA[en-GB]]></Locale>
                <Timezone>GMT Standard Time</Timezone>
                <User>INBSUG1</User>
            </Environment>
            <TestedApplication/>
            <ToolName>LeanFT</ToolName>
            <ToolVersion><![CDATA[12.54]]></ToolVersion>
        </Data>
        <ReportNode type="CustomStep">
            <Data>
                <Name>Data error</Name>
                <Description><![CDATA[Data could not be found. This data source is valid only when running from ALM.]]></Description>
                <StartTime>2018-11-09 14:40:52</StartTime>
                <Result>Failed</Result>
                <Links/>
                <Duration>0</Duration>
                <Extension>
                    <Any>
                        <IconKey>CustomStep</IconKey>
                        <IsHtmlErrorText>true</IsHtmlErrorText>
                    </Any>
                </Extension>
            </Data>
        </ReportNode>
    </ReportNode>
</Results>
